<?xml version="1.0" encoding="utf-8"?>
<litepal>
    <!--
    	Define the database name of your application.
    -->
    <dbname value="demo" />

    <!--
    	Define the version of your database.
    -->
    <version value="2" />

    <!--
    	Define your models in the list with mapping tag, LitePal will
    	create tables for each mapping class. The supported fields
    	defined in models will be mapped into columns.
    	For example:
    	<list>
    		<mapping class="com.test.model.Reader" />
    		<mapping class="com.test.model.Magazine" />
    	</list>
    -->
    <list>
        <mapping class="com.easylink.cloud.modle.FetchTask"/>
    </list>

</litepal>